{
    "learning_rate": 0.08310233120662956,
    "num_leaves": 15,
    "max_depth": 8,
    "min_data_in_leaf": 20,
    "bagging_fraction": 0.9433933083610795,
    "bagging_freq": 3,
    "feature_fraction": 0.97653609654588,
    "lambda_l1": 3.675517635889162e-08,
    "lambda_l2": 3.931448918463872e-08,
    "min_gain_to_split": 0.04138958460630639,
    "max_bin": 255,
    "num_iterations": 110
}