{
    "learning_rate": 0.07626422678969352,
    "num_leaves": 127,
    "max_depth": 6,
    "min_data_in_leaf": 20,
    "bagging_fraction": 0.9476659699420406,
    "bagging_freq": 0,
    "feature_fraction": 0.9464422206054043,
    "lambda_l1": 0.007675851848841717,
    "lambda_l2": 4.201056173420004,
    "min_gain_to_split": 0.13659563436200556,
    "max_bin": 127,
    "num_iterations": 66
}