{
    "learning_rate": 0.017255677306016275,
    "num_leaves": 31,
    "max_depth": 6,
    "min_data_in_leaf": 200,
    "bagging_fraction": 0.7137280259234627,
    "bagging_freq": 3,
    "feature_fraction": 0.7302029089439542,
    "lambda_l1": 0.020873418190547235,
    "lambda_l2": 1.6381335776602172e-07,
    "min_gain_to_split": 0.7076749166767036,
    "max_bin": 127,
    "num_iterations": 574
}