{
    "max_bin": 127,
    "timeout": 1200,
    "lambda_l1": 0.019711688182947277,
    "lambda_l2": 0.0037087051123223017,
    "max_depth": 12,
    "num_tasks": 4,
    "num_leaves": 63,
    "num_threads": 3,
    "bagging_freq": 1,
    "learning_rate": 0.01917473458326452,
    "p_value_alpha": 0.05,
    "num_iterations": 245,
    "bagging_fraction": 0.7717311032776671,
    "feature_fraction": 0.7403795868190902,
    "min_data_in_leaf": 200,
    "min_gain_to_split": 0.21457892947376855,
    "data_transfer_mode": "streaming",
    "min_history_auc_points": 20,
    "use_single_dataset_mode": true,
    "max_streaming_omp_threads": 3,
    "use_barrier_execution_mode": true
}